{
  "mean_ms": 1.1879515647888184,
  "median_ms": 1.1844635009765625,
  "min_ms": 1.1718273162841797,
  "max_ms": 1.3260841369628906,
  "std_ms": 0.01632683936528414,
  "fps": 841.7851616515776
}